rental_id,inventory_id,staff_id,customer_id,rental_date,return_date,days_rented
1,367,1,130,2005-05-24 22:53:30,2005-05-26 22:04:30,1
2,1525,1,459,2005-05-24 22:54:33,2005-05-28 19:40:33,3
3,1711,1,408,2005-05-24 23:03:39,2005-06-01 22:12:39,7
4,2452,2,333,2005-05-24 23:04:41,2005-06-03 01:43:41,9
5,2079,1,222,2005-05-24 23:05:21,2005-06-02 04:33:21,8
6,2792,1,549,2005-05-24 23:08:07,2005-05-27 01:32:07,2
7,3995,2,269,2005-05-24 23:11:53,2005-05-29 20:34:53,4
8,2346,2,239,2005-05-24 23:31:46,2005-05-27 23:33:46,3
9,2580,1,126,2005-05-25 00:00:40,2005-05-28 00:22:40,3
10,1824,2,399,2005-05-25 00:02:21,2005-05-31 22:44:21,6
11,4443,2,142,2005-05-25 00:09:02,2005-06-02 20:56:02,8
12,1584,2,261,2005-05-25 00:19:27,2005-05-30 05:44:27,5
13,2294,1,334,2005-05-25 00:22:55,2005-05-30 04:28:55,5
14,2701,1,446,2005-05-25 00:31:15,2005-05-26 02:56:15,1
15,3049,1,319,2005-05-25 00:39:22,2005-06-03 03:30:22,9
16,389,2,316,2005-05-25 00:43:11,2005-05-26 04:42:11,1
17,830,1,575,2005-05-25 01:06:36,2005-05-27 00:43:36,1
18,3376,2,19,2005-05-25 01:10:47,2005-05-31 06:35:47,6
19,1941,1,456,2005-05-25 01:17:24,2005-05-31 06:00:24,6
20,3517,2,185,2005-05-25 01:48:41,2005-05-27 02:20:41,2
21,146,2,388,2005-05-25 01:59:46,2005-05-26 01:01:46,0
22,727,2,509,2005-05-25 02:19:23,2005-05-26 04:52:23,1
23,4441,1,438,2005-05-25 02:40:21,2005-05-29 06:34:21,4
24,3273,1,350,2005-05-25 02:53:02,2005-05-27 01:15:02,1
25,3961,2,37,2005-05-25 03:21:20,2005-05-27 21:25:20,2
26,4371,1,371,2005-05-25 03:36:50,2005-05-31 00:34:50,5
27,1225,2,301,2005-05-25 03:41:50,2005-05-30 01:13:50,4
28,4068,2,232,2005-05-25 03:42:37,2005-05-26 09:26:37,1
29,611,2,44,2005-05-25 03:47:12,2005-05-30 00:31:12,4
30,3744,1,430,2005-05-25 04:01:32,2005-05-30 03:12:32,4
31,4482,1,369,2005-05-25 04:05:17,2005-05-30 07:15:17,5
32,3832,1,230,2005-05-25 04:06:21,2005-05-25 23:55:21,0
33,1681,1,272,2005-05-25 04:18:51,2005-05-27 03:58:51,1
34,2613,2,597,2005-05-25 04:19:28,2005-05-29 00:10:28,3
35,1286,2,484,2005-05-25 04:24:36,2005-05-27 07:02:36,2
36,1308,1,88,2005-05-25 04:36:26,2005-05-29 00:31:26,3
37,403,1,535,2005-05-25 04:44:31,2005-05-29 01:03:31,3
38,2540,1,302,2005-05-25 04:47:44,2005-06-01 00:58:44,6
39,4466,2,207,2005-05-25 04:51:46,2005-05-31 03:14:46,5
40,2638,1,413,2005-05-25 05:09:04,2005-05-27 23:12:04,2
41,1761,1,174,2005-05-25 05:12:29,2005-06-02 00:28:29,7
42,380,2,523,2005-05-25 05:24:58,2005-05-31 02:47:58,5
43,2578,2,532,2005-05-25 05:39:25,2005-05-26 06:54:25,1
44,3098,2,207,2005-05-25 05:53:23,2005-05-29 10:56:23,4
45,1853,2,436,2005-05-25 05:59:39,2005-06-02 09:56:39,8
46,3318,2,7,2005-05-25 06:04:08,2005-06-02 08:18:08,8
47,2211,1,35,2005-05-25 06:05:20,2005-05-30 03:04:20,4
48,1780,1,282,2005-05-25 06:20:46,2005-06-02 05:42:46,7
49,2965,2,498,2005-05-25 06:39:35,2005-05-30 10:12:35,5
50,1983,2,18,2005-05-25 06:44:53,2005-05-28 11:28:53,3
51,1257,1,256,2005-05-25 06:49:10,2005-05-26 06:42:10,0
52,4017,2,507,2005-05-25 06:51:29,2005-05-31 01:27:29,5
53,1255,2,569,2005-05-25 07:19:16,2005-05-27 05:19:16,1
54,2787,2,291,2005-05-25 07:23:25,2005-06-01 05:05:25,6
55,1139,1,131,2005-05-25 08:26:13,2005-05-30 10:57:13,5
56,1352,1,511,2005-05-25 08:28:11,2005-05-26 14:21:11,1
57,3938,2,6,2005-05-25 08:43:32,2005-05-29 06:42:32,3
58,3050,1,323,2005-05-25 08:53:14,2005-05-28 14:40:14,3
59,2884,1,408,2005-05-25 08:56:42,2005-06-01 09:52:42,7
60,330,1,470,2005-05-25 08:58:25,2005-05-30 14:14:25,5
61,4210,2,250,2005-05-25 09:01:57,2005-06-02 07:22:57,7
62,261,1,419,2005-05-25 09:18:52,2005-05-30 10:55:52,5
63,4008,1,383,2005-05-25 09:19:16,2005-05-27 04:24:16,1
64,79,1,368,2005-05-25 09:21:29,2005-06-03 11:31:29,9
65,3552,1,346,2005-05-25 09:32:03,2005-05-29 14:21:03,4
66,1162,2,86,2005-05-25 09:35:12,2005-05-29 04:16:12,3
67,239,2,119,2005-05-25 09:41:01,2005-05-27 13:46:01,2
68,4029,2,120,2005-05-25 09:47:31,2005-05-31 10:20:31,6
69,3207,2,305,2005-05-25 10:10:14,2005-05-27 14:02:14,2
70,2168,2,73,2005-05-25 10:15:23,2005-05-27 05:56:23,1
71,2408,1,100,2005-05-25 10:26:39,2005-05-28 04:59:39,2
72,2260,2,48,2005-05-25 10:52:13,2005-05-28 05:52:13,2
73,517,2,391,2005-05-25 11:00:07,2005-06-01 13:56:07,7
74,1744,2,265,2005-05-25 11:09:48,2005-05-26 12:23:48,1
75,3393,1,510,2005-05-25 11:13:34,2005-06-03 12:58:34,9
76,3021,2,1,2005-05-25 11:30:37,2005-06-03 12:00:37,9
77,1303,2,451,2005-05-25 11:31:59,2005-05-26 16:53:59,1
78,4067,2,135,2005-05-25 11:35:18,2005-05-31 12:48:18,6
79,3299,2,245,2005-05-25 12:11:07,2005-06-03 10:54:07,8
80,2478,2,314,2005-05-25 12:12:07,2005-05-31 17:46:07,6
81,2610,2,286,2005-05-25 12:15:19,2005-06-02 14:08:19,8
82,1388,1,427,2005-05-25 12:17:46,2005-06-01 10:48:46,6
83,466,1,131,2005-05-25 12:30:15,2005-05-27 15:40:15,2
84,1829,1,492,2005-05-25 12:36:30,2005-05-29 18:33:30,4
85,470,1,414,2005-05-25 13:05:34,2005-05-29 16:53:34,4
86,2275,1,266,2005-05-25 13:36:12,2005-05-30 14:53:12,5
87,1586,2,331,2005-05-25 13:52:43,2005-05-29 11:12:43,3
88,2221,2,53,2005-05-25 14:13:54,2005-05-29 09:32:54,3
89,2181,1,499,2005-05-25 14:28:29,2005-05-29 14:33:29,4
90,2984,1,25,2005-05-25 14:31:25,2005-06-01 10:07:25,6
91,139,1,267,2005-05-25 14:57:22,2005-06-01 18:32:22,7
92,775,2,302,2005-05-25 15:38:46,2005-05-31 13:40:46,5
93,4360,1,288,2005-05-25 15:54:16,2005-06-03 20:18:16,9
94,1675,1,197,2005-05-25 16:03:42,2005-05-30 14:23:42,4
95,178,2,400,2005-05-25 16:12:52,2005-06-02 18:55:52,8
96,3418,2,49,2005-05-25 16:32:19,2005-05-30 10:47:19,4
97,1283,2,263,2005-05-25 16:34:24,2005-05-28 12:13:24,2
98,2970,2,269,2005-05-25 16:48:24,2005-05-27 11:29:24,1
99,535,1,44,2005-05-25 16:50:20,2005-05-28 18:52:20,3
100,2599,1,208,2005-05-25 16:50:28,2005-06-02 22:11:28,8
101,617,1,468,2005-05-25 17:17:04,2005-05-31 19:47:04,6
102,373,1,343,2005-05-25 17:22:10,2005-05-31 19:47:10,6
103,3343,1,384,2005-05-25 17:30:42,2005-06-03 22:36:42,9
104,4281,1,310,2005-05-25 17:46:33,2005-05-27 15:20:33,1
105,794,2,108,2005-05-25 17:54:12,2005-05-30 12:03:12,4
106,3627,2,196,2005-05-25 18:18:19,2005-06-04 00:01:19,9
107,2833,2,317,2005-05-25 18:28:09,2005-06-03 22:46:09,9
108,3289,1,242,2005-05-25 18:30:05,2005-05-30 19:40:05,5
109,1044,2,503,2005-05-25 18:40:20,2005-05-29 20:39:20,4
110,4108,2,19,2005-05-25 18:43:49,2005-06-03 18:13:49,8
111,3725,1,227,2005-05-25 18:45:19,2005-05-28 17:18:19,2
112,2153,1,500,2005-05-25 18:57:24,2005-06-02 20:44:24,8
113,2963,2,93,2005-05-25 19:07:40,2005-05-27 22:16:40,2
114,4502,1,506,2005-05-25 19:12:42,2005-06-01 23:10:42,7
115,749,1,455,2005-05-25 19:13:25,2005-05-29 20:17:25,4
116,4453,1,18,2005-05-25 19:27:51,2005-05-26 16:23:51,0
117,4278,2,7,2005-05-25 19:30:46,2005-05-31 23:59:46,6
118,872,1,524,2005-05-25 19:31:18,2005-05-31 15:00:18,5
119,1359,2,51,2005-05-25 19:37:02,2005-05-29 23:51:02,4
120,37,2,365,2005-05-25 19:37:47,2005-06-01 23:29:47,7
121,1053,1,405,2005-05-25 19:41:29,2005-05-29 21:31:29,4
122,2908,1,273,2005-05-25 19:46:21,2005-06-02 19:07:21,7
123,1795,1,43,2005-05-25 20:26:42,2005-05-26 19:41:42,0
124,212,2,246,2005-05-25 20:46:11,2005-05-30 00:47:11,4
125,952,1,368,2005-05-25 20:48:50,2005-06-02 21:39:50,8
126,2047,1,439,2005-05-25 21:07:59,2005-05-28 18:51:59,2
127,2026,1,94,2005-05-25 21:10:40,2005-06-02 21:38:40,8
128,4322,1,40,2005-05-25 21:19:53,2005-05-29 23:34:53,4
129,4154,2,23,2005-05-25 21:20:03,2005-06-04 01:25:03,9
130,3990,2,56,2005-05-25 21:21:56,2005-05-30 22:41:56,5
131,815,2,325,2005-05-25 21:42:46,2005-05-30 23:25:46,5
132,3367,1,479,2005-05-25 21:46:54,2005-05-31 21:02:54,5
133,399,2,237,2005-05-25 21:48:30,2005-05-30 00:26:30,4
134,2272,1,222,2005-05-25 21:48:41,2005-06-02 18:28:41,7
135,103,1,304,2005-05-25 21:58:58,2005-06-03 17:50:58,8
136,2296,1,504,2005-05-25 22:02:30,2005-05-31 18:06:30,5
137,2591,2,560,2005-05-25 22:25:18,2005-06-01 02:30:18,6
138,4134,2,586,2005-05-25 22:48:22,2005-05-29 20:21:22,3
139,327,1,257,2005-05-25 23:00:21,2005-05-29 17:12:21,3
140,655,1,354,2005-05-25 23:34:22,2005-05-27 01:10:22,1
141,811,1,89,2005-05-25 23:34:53,2005-06-02 01:57:53,7
142,4407,2,472,2005-05-25 23:43:47,2005-05-29 00:46:47,3
143,847,2,297,2005-05-25 23:45:52,2005-05-27 21:41:52,1
144,1689,2,357,2005-05-25 23:49:56,2005-06-01 21:41:56,6
145,3905,1,82,2005-05-25 23:59:03,2005-05-31 02:56:03,5
146,1431,2,433,2005-05-26 00:07:11,2005-06-04 00:20:11,9
147,633,2,274,2005-05-26 00:17:50,2005-05-29 23:21:50,3
148,4252,2,142,2005-05-26 00:25:23,2005-06-01 19:29:23,6
149,1084,2,319,2005-05-26 00:28:05,2005-06-02 21:30:05,7
150,909,2,429,2005-05-26 00:28:39,2005-06-01 02:10:39,6
151,2942,1,14,2005-05-26 00:37:28,2005-05-30 06:28:28,4
152,2622,1,57,2005-05-26 00:41:10,2005-06-03 06:05:10,8
153,3888,1,348,2005-05-26 00:47:47,2005-05-27 21:28:47,1
154,1354,2,185,2005-05-26 00:55:56,2005-05-29 23:18:56,3
155,288,1,551,2005-05-26 01:15:05,2005-06-01 00:03:05,5
156,3193,1,462,2005-05-26 01:19:05,2005-05-27 23:43:05,1
157,887,2,344,2005-05-26 01:25:21,2005-05-26 21:17:21,0
158,2395,2,354,2005-05-26 01:27:11,2005-06-03 00:30:11,7
159,3453,1,505,2005-05-26 01:34:28,2005-05-29 04:00:28,3
160,1885,1,290,2005-05-26 01:46:20,2005-06-01 05:45:20,6
161,2941,1,182,2005-05-26 01:51:48,2005-05-27 05:42:48,1
162,1229,2,296,2005-05-26 02:02:05,2005-05-27 03:38:05,1
163,2306,1,104,2005-05-26 02:26:23,2005-06-04 06:36:23,9
164,1070,1,151,2005-05-26 02:26:49,2005-05-28 00:32:49,1
165,2735,1,33,2005-05-26 02:28:36,2005-06-02 03:21:36,7
166,3894,1,322,2005-05-26 02:49:11,2005-05-31 01:28:11,4
167,865,1,401,2005-05-26 02:50:31,2005-05-27 03:07:31,1
168,2714,2,469,2005-05-26 03:07:43,2005-06-02 02:09:43,6
169,1758,2,381,2005-05-26 03:09:30,2005-05-27 01:37:30,0
170,3688,1,107,2005-05-26 03:11:12,2005-06-02 03:53:12,7
171,4483,2,400,2005-05-26 03:14:15,2005-06-03 00:24:15,7
172,2873,2,176,2005-05-26 03:17:42,2005-05-29 04:11:42,3
173,3596,2,533,2005-05-26 03:42:10,2005-05-28 01:37:10,1
174,3954,2,552,2005-05-26 03:44:10,2005-05-28 07:13:10,2
175,4346,2,47,2005-05-26 03:46:26,2005-06-03 06:01:26,8
176,851,2,250,2005-05-26 03:47:39,2005-06-01 02:36:39,5
177,3545,2,548,2005-05-26 04:14:29,2005-06-01 08:16:29,6
178,1489,2,196,2005-05-26 04:21:46,2005-06-04 07:09:46,9
179,2575,1,19,2005-05-26 04:26:06,2005-06-03 10:06:06,8
180,2752,1,75,2005-05-26 04:46:23,2005-06-01 09:58:23,6
181,2417,2,587,2005-05-26 04:47:06,2005-05-29 06:34:06,3
182,4396,2,237,2005-05-26 04:49:17,2005-06-01 05:43:17,6
183,2877,1,254,2005-05-26 05:01:18,2005-06-01 09:04:18,6
184,1970,1,556,2005-05-26 05:29:49,2005-05-28 10:10:49,2
185,2598,2,125,2005-05-26 05:30:03,2005-06-02 09:48:03,7
186,1799,2,468,2005-05-26 05:32:52,2005-06-03 07:19:52,8
187,4004,1,515,2005-05-26 05:42:37,2005-06-04 00:38:37,8
188,3342,1,243,2005-05-26 05:47:12,2005-05-26 23:48:12,0
189,984,1,247,2005-05-26 06:01:41,2005-05-27 06:11:41,1
190,3962,1,533,2005-05-26 06:11:28,2005-06-01 09:44:28,6
191,4365,1,412,2005-05-26 06:14:06,2005-05-28 05:33:06,1
192,1897,1,437,2005-05-26 06:20:37,2005-06-02 10:57:37,7
193,3900,2,270,2005-05-26 06:41:48,2005-05-30 06:21:48,3
194,1337,2,29,2005-05-26 06:52:33,2005-05-30 04:08:33,3
195,506,2,564,2005-05-26 06:52:36,2005-05-31 02:47:36,4
196,190,1,184,2005-05-26 06:55:58,2005-05-27 10:54:58,1
197,4212,2,546,2005-05-26 06:59:21,2005-06-03 05:04:21,7
198,1789,1,54,2005-05-26 07:03:49,2005-06-04 11:45:49,9
199,2135,1,71,2005-05-26 07:11:58,2005-05-28 09:06:58,2
200,3926,1,321,2005-05-26 07:12:21,2005-05-31 12:07:21,5
201,776,2,444,2005-05-26 07:13:45,2005-06-04 02:02:45,8
202,674,1,20,2005-05-26 07:27:36,2005-06-02 03:52:36,6
203,3374,1,109,2005-05-26 07:27:57,2005-06-03 12:52:57,8
204,1842,1,528,2005-05-26 07:30:37,2005-05-30 08:11:37,4
205,303,2,114,2005-05-26 07:59:37,2005-05-29 09:43:37,3
206,1717,1,345,2005-05-26 08:01:54,2005-05-27 06:26:54,0
207,102,2,47,2005-05-26 08:04:38,2005-05-27 09:32:38,1
208,3669,1,274,2005-05-26 08:10:22,2005-05-27 03:55:22,0
209,729,1,379,2005-05-26 08:14:01,2005-05-27 09:00:01,1
210,1801,2,391,2005-05-26 08:14:15,2005-05-27 12:12:15,1
211,4005,1,170,2005-05-26 08:33:10,2005-05-28 14:09:10,2
212,764,2,59,2005-05-26 08:34:41,2005-05-30 12:46:41,4
213,1505,2,394,2005-05-26 08:44:08,2005-05-31 12:33:08,5
214,1453,2,98,2005-05-26 08:48:49,2005-05-31 04:06:49,4
215,679,2,197,2005-05-26 09:02:47,2005-05-28 09:45:47,2
216,1398,1,91,2005-05-26 09:17:43,2005-06-03 08:21:43,7
217,4395,2,121,2005-05-26 09:24:26,2005-05-31 03:24:26,4
218,2291,2,309,2005-05-26 09:27:09,2005-06-04 11:53:09,9
219,3074,1,489,2005-05-26 09:41:45,2005-05-28 04:40:45,1
220,1259,1,542,2005-05-26 10:06:49,2005-06-01 07:43:49,5
221,3578,1,143,2005-05-26 10:14:09,2005-05-29 05:57:09,2
222,2745,2,83,2005-05-26 10:14:38,2005-05-31 08:36:38,4
223,3121,1,460,2005-05-26 10:15:23,2005-05-30 11:43:23,4
224,4285,1,318,2005-05-26 10:18:27,2005-06-04 06:59:27,8
225,651,2,467,2005-05-26 10:27:50,2005-06-01 07:01:50,5
226,4181,2,221,2005-05-26 10:44:04,2005-05-31 13:26:04,5
227,214,1,301,2005-05-26 10:51:46,2005-05-30 07:24:46,3
228,511,1,571,2005-05-26 10:54:28,2005-06-04 09:39:28,8
229,1131,2,312,2005-05-26 11:19:20,2005-05-31 11:56:20,5
230,1085,1,58,2005-05-26 11:31:50,2005-05-30 15:22:50,4
231,4032,1,365,2005-05-26 11:31:59,2005-05-27 07:27:59,0
232,2945,2,256,2005-05-26 11:38:05,2005-05-27 08:42:05,0
233,715,2,531,2005-05-26 11:43:44,2005-05-28 17:28:44,2
234,1321,2,566,2005-05-26 11:47:20,2005-06-03 10:39:20,7
235,3537,1,119,2005-05-26 11:51:09,2005-06-04 09:36:09,8
236,1265,1,446,2005-05-26 11:53:49,2005-05-28 13:55:49,2
237,241,1,536,2005-05-26 12:15:13,2005-05-29 18:10:13,3
238,503,1,211,2005-05-26 12:30:22,2005-05-27 06:49:22,0
239,131,2,49,2005-05-26 12:30:26,2005-06-01 13:26:26,6
240,3420,1,103,2005-05-26 12:40:23,2005-06-04 07:22:23,8
241,4438,2,245,2005-05-26 12:49:01,2005-05-28 11:43:01,1
242,2095,1,214,2005-05-26 13:05:08,2005-06-02 15:26:08,7
243,1721,2,543,2005-05-26 13:06:05,2005-06-03 17:28:05,8
244,1041,1,257,2005-05-26 13:40:40,2005-05-31 11:58:40,4
245,3045,2,158,2005-05-26 13:46:59,2005-05-27 09:58:59,0
246,2829,2,240,2005-05-26 13:57:07,2005-05-29 10:12:07,2
247,4095,2,102,2005-05-26 14:01:05,2005-05-28 13:38:05,1
248,1913,2,545,2005-05-26 14:07:58,2005-05-31 14:03:58,4
249,2428,2,472,2005-05-26 14:19:09,2005-05-28 17:47:09,2
250,368,1,539,2005-05-26 14:30:24,2005-05-27 08:50:24,0
251,4352,1,204,2005-05-26 14:35:40,2005-05-29 17:17:40,3
252,1203,1,187,2005-05-26 14:39:53,2005-06-02 14:48:53,7
253,2969,1,416,2005-05-26 14:43:14,2005-05-27 12:21:14,0
254,1835,2,390,2005-05-26 14:43:48,2005-05-31 09:19:48,4
255,3264,1,114,2005-05-26 14:52:15,2005-05-27 12:45:15,0
256,3194,1,436,2005-05-26 15:20:58,2005-05-31 15:58:58,5
257,2570,2,373,2005-05-26 15:27:05,2005-05-29 16:25:05,3
258,3534,2,502,2005-05-26 15:28:14,2005-05-30 18:38:14,4
259,30,2,482,2005-05-26 15:32:46,2005-06-04 15:27:46,8
260,435,2,21,2005-05-26 15:42:20,2005-05-31 13:21:20,4
261,1369,2,414,2005-05-26 15:44:23,2005-06-02 09:47:23,6
262,4261,2,236,2005-05-26 15:46:56,2005-05-28 15:49:56,2
263,1160,2,449,2005-05-26 15:47:40,2005-05-30 10:07:40,3
264,2069,2,251,2005-05-26 16:00:49,2005-05-27 10:12:49,0
265,2276,1,303,2005-05-26 16:07:38,2005-06-01 14:20:38,5
266,3303,2,263,2005-05-26 16:08:05,2005-05-27 10:55:05,0
267,1206,2,417,2005-05-26 16:16:21,2005-05-30 16:53:21,4
268,1714,1,75,2005-05-26 16:19:08,2005-05-27 14:35:08,0
269,3501,2,322,2005-05-26 16:19:46,2005-05-27 15:59:46,0
270,207,2,200,2005-05-26 16:20:56,2005-06-03 12:40:56,7
271,2388,2,92,2005-05-26 16:22:01,2005-06-03 17:30:01,8
272,971,2,71,2005-05-26 16:27:11,2005-06-03 13:10:11,7
273,1590,2,193,2005-05-26 16:29:36,2005-05-29 18:49:36,3
274,656,1,311,2005-05-26 16:48:51,2005-06-03 18:17:51,8
275,1718,1,133,2005-05-26 17:09:53,2005-06-04 22:35:53,9
276,1221,1,58,2005-05-26 17:16:07,2005-06-03 12:59:07,7
277,1409,1,45,2005-05-26 17:32:11,2005-05-28 22:54:11,2
278,182,2,214,2005-05-26 17:40:58,2005-06-02 16:43:58,6
279,661,2,384,2005-05-26 18:02:50,2005-06-03 18:48:50,8
280,1896,1,167,2005-05-26 18:36:58,2005-05-27 23:42:58,1
281,1208,2,582,2005-05-26 18:49:35,2005-05-27 18:11:35,0
282,4486,2,282,2005-05-26 18:56:26,2005-06-01 16:32:26,5
283,3530,1,242,2005-05-26 19:05:05,2005-05-31 19:19:05,5
284,350,2,359,2005-05-26 19:21:44,2005-06-04 14:18:44,8
285,2486,2,162,2005-05-26 19:41:40,2005-05-31 16:58:40,4
286,314,2,371,2005-05-26 19:44:51,2005-06-04 18:00:51,8
287,3631,1,17,2005-05-26 19:44:54,2005-06-02 01:10:54,6
288,3546,2,82,2005-05-26 19:47:49,2005-06-03 20:53:49,8
289,2449,1,81,2005-05-26 20:01:09,2005-05-28 15:09:09,1
290,2776,1,429,2005-05-26 20:08:33,2005-05-30 00:32:33,3
291,485,2,577,2005-05-26 20:20:47,2005-06-03 02:06:47,7
292,4264,1,515,2005-05-26 20:22:12,2005-06-05 00:58:12,9
293,1828,2,158,2005-05-26 20:27:02,2005-06-03 16:45:02,7
294,2751,1,369,2005-05-26 20:29:57,2005-05-28 17:20:57,1
295,4030,2,65,2005-05-26 20:33:20,2005-05-27 18:23:20,0
296,3878,2,468,2005-05-26 20:35:19,2005-06-04 02:31:19,8
297,1594,2,48,2005-05-26 20:48:48,2005-05-27 19:52:48,0
298,1083,2,460,2005-05-26 20:52:26,2005-05-29 22:08:26,3
299,4376,2,448,2005-05-26 20:55:36,2005-05-28 00:25:36,1
300,249,2,47,2005-05-26 20:57:00,2005-06-05 01:34:00,9
301,3448,2,274,2005-05-26 21:06:14,2005-06-01 01:54:14,5
302,2921,2,387,2005-05-26 21:13:46,2005-06-03 15:49:46,7
303,1111,2,596,2005-05-26 21:16:52,2005-05-27 23:41:52,1
304,1701,1,534,2005-05-26 21:21:28,2005-06-02 00:05:28,6
305,2665,2,464,2005-05-26 21:22:07,2005-06-02 22:33:07,7
306,2781,1,547,2005-05-26 21:31:57,2005-05-28 19:37:57,1
307,1097,1,375,2005-05-26 21:48:13,2005-06-04 22:24:13,9
308,187,2,277,2005-05-26 22:01:39,2005-06-04 20:24:39,8
309,1946,2,251,2005-05-26 22:38:10,2005-06-02 03:10:10,6
310,593,1,409,2005-05-26 22:41:07,2005-06-02 04:09:07,6
311,2830,1,201,2005-05-26 22:51:37,2005-06-01 00:02:37,5
312,2008,2,143,2005-05-26 22:52:19,2005-06-02 18:14:19,6
313,4156,2,594,2005-05-26 22:56:19,2005-05-29 01:29:19,2
314,2851,2,203,2005-05-26 23:09:41,2005-05-28 22:49:41,1
315,2847,1,238,2005-05-26 23:12:55,2005-05-29 23:33:55,3
316,3828,2,249,2005-05-26 23:22:55,2005-05-29 23:25:55,3
317,26,2,391,2005-05-26 23:23:56,2005-06-01 19:56:56,5
318,2559,2,60,2005-05-26 23:37:39,2005-06-03 04:31:39,7
319,3024,1,77,2005-05-26 23:52:13,2005-05-30 18:55:13,3
320,1090,2,2,2005-05-27 00:09:24,2005-05-28 04:30:24,1
321,4556,1,496,2005-05-27 00:47:35,2005-06-02 00:32:35,5
322,2362,1,144,2005-05-27 00:49:27,2005-05-30 03:12:27,3
323,3364,1,292,2005-05-27 01:00:04,2005-05-30 04:27:04,3
324,2510,2,449,2005-05-27 01:09:55,2005-05-31 07:01:55,4
325,3979,2,432,2005-05-27 01:10:11,2005-06-04 20:25:11,8
326,2678,1,105,2005-05-27 01:18:57,2005-06-04 04:06:57,8
327,2524,1,451,2005-05-27 01:29:31,2005-06-01 02:27:31,5
328,2659,2,231,2005-05-27 01:57:14,2005-05-31 04:19:14,4
329,1536,2,248,2005-05-27 02:15:30,2005-06-04 05:09:30,8
330,1872,1,67,2005-05-27 02:22:26,2005-06-05 00:25:26,8
331,1529,2,299,2005-05-27 02:27:10,2005-06-03 01:26:10,6
332,4001,2,412,2005-05-27 02:52:21,2005-06-01 00:55:21,4
333,3973,1,194,2005-05-27 03:03:07,2005-05-29 03:54:07,2
334,1411,2,16,2005-05-27 03:07:10,2005-06-05 00:15:10,8
335,1811,1,275,2005-05-27 03:15:23,2005-05-29 22:43:23,2
336,751,1,19,2005-05-27 03:22:30,2005-06-02 03:27:30,6
337,2596,2,165,2005-05-27 03:42:52,2005-06-01 05:23:52,5
338,2410,2,516,2005-05-27 03:47:18,2005-06-04 05:46:18,8
339,946,2,209,2005-05-27 03:55:25,2005-06-04 07:57:25,8
340,4168,1,56,2005-05-27 04:01:42,2005-06-05 08:51:42,9
341,4019,2,539,2005-05-27 04:11:04,2005-05-29 01:28:04,1
342,3301,1,455,2005-05-27 04:13:41,2005-05-28 08:34:41,1
343,2327,2,236,2005-05-27 04:30:22,2005-05-29 10:13:22,2
344,1396,1,144,2005-05-27 04:32:25,2005-05-31 09:50:25,4
345,4319,2,14,2005-05-27 04:34:41,2005-06-05 04:24:41,8
346,1625,2,378,2005-05-27 04:40:33,2005-05-28 09:56:33,1
347,1825,1,473,2005-05-27 04:50:56,2005-06-01 04:43:56,4
348,2920,2,36,2005-05-27 04:53:11,2005-05-28 06:33:11,1
349,2756,2,9,2005-05-27 05:01:28,2005-06-04 05:01:28,8
350,3371,1,118,2005-05-27 05:39:03,2005-06-01 11:10:03,5
351,4369,1,157,2005-05-27 05:48:19,2005-05-29 09:05:19,2
352,3989,2,503,2005-05-27 06:03:39,2005-06-03 04:39:39,6
353,2058,1,452,2005-05-27 06:12:26,2005-06-01 06:48:26,5
354,141,2,446,2005-05-27 06:15:33,2005-06-01 02:50:33,4
355,2868,2,382,2005-05-27 06:32:30,2005-05-30 06:24:30,2
356,4417,2,198,2005-05-27 06:37:15,2005-05-30 07:04:15,3
357,1925,2,102,2005-05-27 06:43:59,2005-05-29 11:28:59,2
358,1156,1,152,2005-05-27 06:48:33,2005-05-29 03:55:33,1
359,3489,1,594,2005-05-27 06:51:14,2005-06-03 01:58:14,6
360,6,1,587,2005-05-27 07:03:28,2005-05-31 08:01:28,4
361,2324,1,147,2005-05-27 07:10:25,2005-06-01 08:34:25,5
362,4282,2,345,2005-05-27 07:14:00,2005-05-28 12:22:00,1
363,833,2,430,2005-05-27 07:20:12,2005-05-31 10:44:12,4
364,2887,1,167,2005-05-27 07:31:20,2005-06-04 04:46:20,7
365,360,2,134,2005-05-27 07:33:54,2005-06-04 01:55:54,7
366,3437,2,439,2005-05-27 07:37:02,2005-05-30 05:43:02,2
367,1247,2,361,2005-05-27 07:42:29,2005-06-04 11:20:29,8
368,944,2,508,2005-05-27 07:46:49,2005-06-01 06:20:49,4
369,3347,2,22,2005-05-27 07:49:43,2005-06-05 06:39:43,8
370,1235,2,295,2005-05-27 08:08:18,2005-06-05 03:05:18,8
371,4089,2,510,2005-05-27 08:13:58,2005-06-04 03:50:58,7
372,1649,1,464,2005-05-27 08:16:25,2005-06-01 11:41:25,5
373,4420,1,337,2005-05-27 08:26:30,2005-06-05 07:13:30,8
374,1815,1,306,2005-05-27 08:49:21,2005-06-04 14:11:21,8
375,3197,1,542,2005-05-27 08:58:15,2005-06-02 04:48:15,5
376,3012,2,170,2005-05-27 09:04:05,2005-06-02 03:36:05,5
377,2242,1,53,2005-05-27 09:23:22,2005-05-29 15:20:22,2
378,3462,1,584,2005-05-27 09:25:32,2005-06-02 06:19:32,5
379,1777,1,176,2005-05-27 09:34:39,2005-06-04 11:45:39,8
380,2748,1,371,2005-05-27 09:43:25,2005-05-31 12:00:25,4
381,4358,1,183,2005-05-27 10:12:00,2005-05-31 15:03:00,4
382,955,1,298,2005-05-27 10:12:20,2005-06-03 10:37:20,7
383,910,2,371,2005-05-27 10:18:20,2005-06-02 09:21:20,5
384,1565,2,213,2005-05-27 10:23:25,2005-05-30 15:27:25,3
385,1288,1,109,2005-05-27 10:26:31,2005-05-30 08:32:31,2
386,2684,2,506,2005-05-27 10:35:27,2005-06-01 13:37:27,5
387,434,1,28,2005-05-27 10:37:27,2005-05-30 05:45:27,2
388,691,2,500,2005-05-27 10:45:41,2005-06-05 06:22:41,8
389,3759,2,48,2005-05-27 11:02:26,2005-06-02 16:09:26,6
390,2193,2,197,2005-05-27 11:03:55,2005-06-01 11:59:55,5
391,263,2,359,2005-05-27 11:14:42,2005-06-01 14:28:42,5
392,145,2,251,2005-05-27 11:18:25,2005-05-28 07:10:25,0
393,1890,2,274,2005-05-27 11:26:11,2005-06-03 16:44:11,7
394,752,1,575,2005-05-27 11:45:49,2005-05-31 13:42:49,4
395,1020,1,112,2005-05-27 11:47:04,2005-05-29 10:14:04,1
396,4193,2,544,2005-05-27 12:29:02,2005-05-28 17:36:02,1
397,1686,1,422,2005-05-27 12:44:03,2005-06-02 08:19:03,5
398,553,1,204,2005-05-27 12:48:38,2005-05-29 15:27:38,2
399,258,2,249,2005-05-27 12:51:44,2005-05-31 08:34:44,3
400,2179,2,46,2005-05-27 12:57:55,2005-05-29 17:55:55,2
401,461,2,354,2005-05-27 13:17:18,2005-05-30 08:53:18,2
402,3983,2,424,2005-05-27 13:28:52,2005-05-29 11:47:52,1
403,1293,1,168,2005-05-27 13:31:51,2005-05-30 16:58:51,3
404,4090,2,272,2005-05-27 13:32:39,2005-06-05 18:53:39,9
405,2136,1,381,2005-05-27 13:46:46,2005-05-30 12:43:46,2
406,1077,1,44,2005-05-27 13:57:38,2005-05-31 18:23:38,4
407,1438,1,84,2005-05-27 13:57:39,2005-05-28 11:57:39,0
408,3652,2,220,2005-05-27 14:10:58,2005-06-02 10:40:58,5
409,4010,2,506,2005-05-27 14:11:22,2005-06-02 20:06:22,6
410,1434,1,388,2005-05-27 14:14:14,2005-06-03 17:39:14,7
411,1400,2,375,2005-05-27 14:17:23,2005-05-29 15:07:23,2
412,3516,1,307,2005-05-27 14:45:37,2005-06-03 11:11:37,6
413,1019,2,219,2005-05-27 14:48:20,2005-05-31 14:39:20,3
414,3698,2,304,2005-05-27 14:51:45,2005-05-28 19:07:45,1
415,2371,2,222,2005-05-27 15:02:10,2005-05-29 10:34:10,1
416,2253,2,475,2005-05-27 15:07:27,2005-05-29 20:01:27,2
417,3063,2,151,2005-05-27 15:13:17,2005-06-04 12:05:17,7
418,2514,1,77,2005-05-27 15:15:11,2005-06-02 11:53:11,5
419,619,2,93,2005-05-27 15:19:38,2005-06-03 15:07:38,6
420,2985,2,246,2005-05-27 15:30:13,2005-06-04 13:19:13,7
421,1152,2,150,2005-05-27 15:31:55,2005-06-01 11:47:55,4
422,1783,1,284,2005-05-27 15:32:57,2005-06-02 19:03:57,6
423,2815,1,35,2005-05-27 15:34:01,2005-06-05 09:44:01,8
424,1518,2,182,2005-05-27 15:51:30,2005-06-03 16:52:30,7
425,1103,1,522,2005-05-27 15:56:57,2005-06-05 11:45:57,8
426,1677,2,288,2005-05-27 16:10:04,2005-06-05 13:22:04,8
427,3349,2,161,2005-05-27 16:10:58,2005-05-31 17:24:58,4
428,129,2,498,2005-05-27 16:21:26,2005-06-05 20:23:26,9
429,1920,1,190,2005-05-27 16:22:10,2005-06-05 13:10:10,8
430,4507,1,334,2005-05-27 16:31:05,2005-06-05 11:29:05,8
431,1119,1,46,2005-05-27 16:40:29,2005-05-29 16:20:29,1
432,4364,2,574,2005-05-27 16:40:40,2005-05-30 19:55:40,3
433,3360,1,246,2005-05-27 16:54:27,2005-06-04 22:26:27,8
434,3328,2,3,2005-05-27 17:17:09,2005-06-02 11:20:09,5
435,4317,2,267,2005-05-27 17:21:04,2005-05-30 21:26:04,3
436,1800,2,525,2005-05-27 17:47:22,2005-06-05 14:22:22,8
437,4260,2,249,2005-05-27 17:52:34,2005-06-05 22:23:34,9
438,354,2,319,2005-05-27 17:54:48,2005-06-02 23:01:48,6
439,4452,1,314,2005-05-27 18:00:35,2005-05-29 16:15:35,1
440,1578,1,54,2005-05-27 18:11:05,2005-05-30 22:45:05,3
441,1457,2,403,2005-05-27 18:12:13,2005-05-30 12:30:13,2
442,2021,1,547,2005-05-27 18:35:20,2005-06-04 18:58:20,8
443,723,1,239,2005-05-27 18:39:15,2005-06-01 15:56:15,4
444,1757,2,293,2005-05-27 18:42:57,2005-05-30 22:35:57,3
445,1955,2,401,2005-05-27 18:48:41,2005-06-03 16:42:41,6
446,3890,1,133,2005-05-27 18:57:02,2005-06-05 18:38:02,8
447,2671,2,247,2005-05-27 19:03:08,2005-06-03 20:28:08,7
448,2469,2,172,2005-05-27 19:13:15,2005-06-04 01:08:15,7
449,1343,1,247,2005-05-27 19:18:54,2005-06-05 23:52:54,9
450,205,2,87,2005-05-27 19:27:54,2005-05-29 01:07:54,1
451,2993,2,127,2005-05-27 19:30:33,2005-05-30 20:53:33,3
452,4425,1,529,2005-05-27 19:31:16,2005-05-29 23:06:16,2
453,3499,1,575,2005-05-27 19:31:36,2005-05-30 15:46:36,2
454,3344,2,343,2005-05-27 19:43:29,2005-06-04 23:40:29,8
455,1699,1,92,2005-05-27 19:50:06,2005-06-02 22:14:06,6
456,2368,2,300,2005-05-27 19:52:29,2005-06-02 17:17:29,5
457,3350,1,565,2005-05-27 19:58:36,2005-06-06 00:51:36,9
458,597,1,468,2005-05-27 20:00:04,2005-05-29 22:47:04,2
459,4238,1,240,2005-05-27 20:02:03,2005-05-28 16:14:03,0
460,2077,1,447,2005-05-27 20:08:55,2005-06-01 14:32:55,4
461,2314,2,364,2005-05-27 20:10:36,2005-06-03 21:12:36,7
462,826,1,21,2005-05-27 20:11:47,2005-06-04 21:18:47,8
463,1313,2,193,2005-05-27 20:42:44,2005-05-30 00:49:44,2
464,20,1,261,2005-05-27 20:44:36,2005-06-02 02:43:36,5
465,1786,1,442,2005-05-27 20:57:07,2005-05-29 15:52:07,1
466,339,1,557,2005-05-27 21:10:03,2005-06-01 16:08:03,4
467,2656,2,101,2005-05-27 21:13:10,2005-06-04 15:26:10,7
468,4463,1,154,2005-05-27 21:14:26,2005-06-05 21:51:26,9
469,1613,1,504,2005-05-27 21:17:08,2005-06-04 17:47:08,7
470,2872,2,209,2005-05-27 21:32:42,2005-05-31 00:39:42,3
471,1338,1,528,2005-05-27 21:36:15,2005-05-29 21:07:15,1
472,802,1,105,2005-05-27 21:36:34,2005-06-05 17:02:34,8
473,1474,1,274,2005-05-27 22:11:56,2005-05-31 19:07:56,3
474,2520,1,159,2005-05-27 22:16:26,2005-05-28 19:58:26,0
475,2451,1,543,2005-05-27 22:31:36,2005-06-03 19:12:36,6
476,2437,2,161,2005-05-27 22:33:33,2005-06-02 18:35:33,5
477,424,2,557,2005-05-27 22:38:20,2005-05-31 18:39:20,3
478,2060,2,231,2005-05-27 22:39:10,2005-06-05 22:46:10,9
479,2108,2,220,2005-05-27 22:47:39,2005-06-04 21:17:39,7
480,72,2,445,2005-05-27 22:49:27,2005-05-30 17:46:27,2
481,4178,2,546,2005-05-27 22:53:02,2005-06-01 22:53:02,5
482,1510,1,32,2005-05-27 23:00:25,2005-05-28 21:30:25,0
483,3115,2,491,2005-05-27 23:26:45,2005-05-29 21:16:45,1
484,2392,2,105,2005-05-27 23:40:52,2005-05-28 22:40:52,0
485,1822,1,398,2005-05-27 23:51:12,2005-05-28 20:26:12,0
486,3774,2,569,2005-05-28 00:00:30,2005-05-28 19:18:30,0
487,393,2,168,2005-05-28 00:07:50,2005-06-03 22:30:50,6
488,1940,2,476,2005-05-28 00:09:12,2005-05-31 04:44:12,3
489,3524,2,95,2005-05-28 00:09:56,2005-05-30 22:32:56,2
490,1326,2,196,2005-05-28 00:13:35,2005-05-29 00:11:35,0
491,1999,1,228,2005-05-28 00:24:58,2005-05-28 22:34:58,0
492,184,1,501,2005-05-28 00:34:11,2005-05-30 18:40:11,2
493,1850,1,64,2005-05-28 00:39:31,2005-06-02 19:35:31,5
494,1007,1,526,2005-05-28 00:40:48,2005-05-29 06:07:48,1
495,1785,1,56,2005-05-28 00:43:41,2005-06-04 03:56:41,7
496,2636,2,20,2005-05-28 00:54:39,2005-06-03 20:47:39,6
497,458,2,287,2005-05-28 01:01:21,2005-05-30 21:20:21,2
498,2381,2,199,2005-05-28 01:05:07,2005-06-05 19:54:07,8
499,4500,1,145,2005-05-28 01:05:25,2005-05-31 20:04:25,3
500,601,2,162,2005-05-28 01:09:36,2005-05-30 06:14:36,2
501,3131,2,179,2005-05-28 01:34:43,2005-05-31 01:02:43,2
502,3005,2,288,2005-05-28 01:35:25,2005-05-28 22:12:25,0
503,2086,1,170,2005-05-28 02:05:34,2005-05-30 23:03:34,2
504,71,1,111,2005-05-28 02:06:37,2005-05-29 06:57:37,1
505,667,1,469,2005-05-28 02:09:19,2005-06-05 20:34:19,8
506,3621,2,421,2005-05-28 02:31:19,2005-06-02 05:07:19,5
507,4179,1,434,2005-05-28 02:40:50,2005-06-05 03:05:50,8
508,3416,1,147,2005-05-28 02:51:12,2005-05-31 06:27:12,3
509,4338,2,113,2005-05-28 02:52:14,2005-05-30 21:20:14,2
510,3827,1,296,2005-05-28 03:04:04,2005-06-03 04:58:04,6
511,2176,2,231,2005-05-28 03:07:50,2005-06-05 02:12:50,7
512,225,1,489,2005-05-28 03:08:10,2005-05-29 07:22:10,1
513,1697,2,597,2005-05-28 03:09:28,2005-06-05 00:49:28,7
514,3369,2,110,2005-05-28 03:10:10,2005-06-04 02:18:10,6
515,4357,1,400,2005-05-28 03:11:47,2005-06-04 02:19:47,6
516,234,1,403,2005-05-28 03:17:57,2005-05-29 06:33:57,1
517,4087,1,480,2005-05-28 03:18:02,2005-05-30 05:32:02,2
518,3564,1,245,2005-05-28 03:22:33,2005-06-03 05:06:33,6
519,3845,1,161,2005-05-28 03:27:37,2005-06-04 05:47:37,7
520,2397,1,374,2005-05-28 03:32:22,2005-05-28 22:37:22,0
521,3195,1,382,2005-05-28 03:33:20,2005-05-31 04:23:20,3
522,1905,2,138,2005-05-28 03:53:26,2005-05-31 05:58:26,3
523,1962,1,223,2005-05-28 03:57:28,2005-05-31 05:20:28,3
524,1817,1,14,2005-05-28 04:25:33,2005-06-06 04:18:33,8
525,1387,1,408,2005-05-28 04:27:37,2005-05-30 07:52:37,2
526,266,1,169,2005-05-28 04:28:38,2005-06-02 08:19:38,5
527,1655,2,359,2005-05-28 04:30:05,2005-06-03 10:01:05,6
528,2624,1,469,2005-05-28 04:34:17,2005-05-30 00:35:17,1
529,3332,2,312,2005-05-28 05:13:01,2005-06-01 10:21:01,4
530,1113,2,589,2005-05-28 05:23:38,2005-05-29 08:00:38,1
531,2793,1,120,2005-05-28 05:36:58,2005-06-02 01:50:58,4
532,4306,2,528,2005-05-28 06:14:46,2005-06-01 06:26:46,4
533,992,1,184,2005-05-28 06:15:25,2005-06-06 07:51:25,9
534,4209,1,307,2005-05-28 06:16:32,2005-05-31 02:48:32,2
535,2962,2,514,2005-05-28 06:17:33,2005-06-03 10:02:33,6
536,3095,2,315,2005-05-28 06:20:55,2005-06-05 11:48:55,8
537,2262,2,110,2005-05-28 06:21:05,2005-06-02 01:22:05,4
538,3427,1,161,2005-05-28 06:26:16,2005-05-30 02:02:16,1
539,3321,1,119,2005-05-28 06:40:25,2005-06-06 00:47:25,8
540,1662,2,535,2005-05-28 06:41:58,2005-06-02 09:12:58,5
541,4444,1,261,2005-05-28 06:42:13,2005-06-03 09:05:13,6
542,530,2,493,2005-05-28 06:43:34,2005-06-06 07:16:34,9
543,2964,1,311,2005-05-28 07:03:00,2005-06-06 06:23:00,8
544,1086,2,54,2005-05-28 07:10:20,2005-06-04 01:47:20,6
545,487,1,20,2005-05-28 07:16:25,2005-06-01 08:36:25,4
546,2065,2,506,2005-05-28 07:24:28,2005-06-06 01:31:28,8
547,3704,2,450,2005-05-28 07:34:56,2005-06-05 03:14:56,7
548,1818,1,159,2005-05-28 07:35:37,2005-06-02 09:08:37,5
549,3632,2,432,2005-05-28 07:39:16,2005-06-06 12:20:16,9
550,3119,2,315,2005-05-28 07:44:18,2005-06-02 12:55:18,5
551,23,2,106,2005-05-28 07:53:38,2005-06-04 12:45:38,7
552,1349,2,176,2005-05-28 08:14:44,2005-06-02 03:01:44,4
553,1951,2,376,2005-05-28 08:23:16,2005-05-31 03:29:16,2
554,4397,2,55,2005-05-28 08:31:14,2005-05-30 07:34:14,1
555,1814,2,22,2005-05-28 08:31:36,2005-06-06 07:29:36,8
556,158,2,444,2005-05-28 08:36:22,2005-06-03 10:42:22,6
557,4163,1,442,2005-05-28 08:38:43,2005-06-06 13:52:43,9
558,1227,2,572,2005-05-28 08:39:02,2005-06-05 08:38:02,7
559,644,2,463,2005-05-28 08:53:02,2005-06-04 12:27:02,7
560,928,1,77,2005-05-28 08:54:06,2005-06-05 05:54:06,7
561,3390,2,102,2005-05-28 09:01:21,2005-06-02 05:26:21,4
562,53,1,324,2005-05-28 09:10:49,2005-06-06 11:32:49,9
563,2973,1,282,2005-05-28 09:12:09,2005-05-29 05:07:09,0
564,1494,1,288,2005-05-28 09:26:31,2005-06-01 07:28:31,3
565,4330,1,253,2005-05-28 09:51:39,2005-06-05 09:35:39,7
566,3308,2,184,2005-05-28 09:56:20,2005-06-01 06:41:20,3
567,2232,1,155,2005-05-28 09:57:36,2005-05-31 15:44:36,3
568,4534,2,56,2005-05-28 10:12:41,2005-06-03 10:08:41,5
569,1122,1,21,2005-05-28 10:15:04,2005-05-30 08:32:04,1
570,4250,1,516,2005-05-28 10:17:41,2005-06-05 07:56:41,7
571,1899,2,337,2005-05-28 10:30:13,2005-06-02 05:04:13,4
572,4020,1,1,2005-05-28 10:35:23,2005-06-03 06:32:23,5
573,3883,1,76,2005-05-28 10:44:28,2005-06-04 11:42:28,7
574,4451,1,142,2005-05-28 10:56:09,2005-06-05 15:39:09,8
575,1866,2,588,2005-05-28 10:56:10,2005-06-04 13:15:10,7
576,375,2,6,2005-05-28 11:09:14,2005-06-01 13:27:14,4
577,2938,1,173,2005-05-28 11:15:48,2005-06-02 09:59:48,4
578,3481,1,181,2005-05-28 11:19:23,2005-06-02 13:51:23,5
579,3515,2,17,2005-05-28 11:19:53,2005-06-01 10:44:53,3
580,1380,2,186,2005-05-28 11:20:29,2005-06-04 12:37:29,7
581,4579,1,198,2005-05-28 11:33:46,2005-05-29 08:33:46,0
582,2679,2,386,2005-05-28 11:48:55,2005-06-04 07:09:55,6
583,1833,1,69,2005-05-28 11:49:00,2005-06-01 11:54:00,4
584,3544,2,490,2005-05-28 11:50:45,2005-06-03 15:35:45,6
585,898,1,77,2005-05-28 12:03:00,2005-05-29 13:16:00,1
586,1413,2,64,2005-05-28 12:05:33,2005-05-30 13:45:33,2
587,95,2,89,2005-05-28 12:08:37,2005-05-29 16:25:37,1
588,4231,2,308,2005-05-28 12:27:50,2005-06-03 07:15:50,5
589,473,1,462,2005-05-28 13:06:50,2005-06-02 09:18:50,4
590,377,2,19,2005-05-28 13:11:04,2005-05-29 17:20:04,1
591,638,1,244,2005-05-28 13:21:08,2005-05-29 16:55:08,1
592,1810,2,16,2005-05-28 13:33:23,2005-05-30 17:10:23,2
593,2766,1,538,2005-05-28 13:41:56,2005-05-30 12:00:56,1
594,595,1,294,2005-05-28 13:59:54,2005-06-05 15:16:54,8
595,821,1,589,2005-05-28 14:00:03,2005-05-29 17:10:03,1
596,4469,2,249,2005-05-28 14:01:02,2005-06-06 19:06:02,9
597,599,2,159,2005-05-28 14:04:50,2005-06-03 18:00:50,6
598,4136,2,393,2005-05-28 14:05:57,2005-06-01 16:41:57,4
599,1567,2,332,2005-05-28 14:08:19,2005-06-03 11:57:19,5
600,3225,1,429,2005-05-28 14:08:22,2005-06-04 10:50:22,6
601,1300,2,590,2005-05-28 14:15:54,2005-06-05 15:16:54,8
602,3248,1,537,2005-05-28 14:27:51,2005-05-29 13:13:51,0
603,1585,2,426,2005-05-28 14:37:07,2005-06-03 11:03:07,5
604,4232,2,501,2005-05-28 14:39:10,2005-06-01 09:28:10,3
605,3509,2,299,2005-05-28 14:48:39,2005-06-04 09:44:39,6
606,2561,2,554,2005-05-28 15:02:41,2005-05-30 12:54:41,1
607,4254,2,494,2005-05-28 15:03:44,2005-06-04 17:14:44,7
608,2944,2,150,2005-05-28 15:04:02,2005-06-05 14:47:02,7
609,3642,2,500,2005-05-28 15:15:25,2005-06-02 12:30:25,4
610,1230,2,580,2005-05-28 15:18:18,2005-05-31 20:15:18,3
611,2180,2,161,2005-05-28 15:24:54,2005-05-30 14:22:54,1
612,270,1,595,2005-05-28 15:27:22,2005-06-02 20:01:22,5
613,280,2,307,2005-05-28 15:33:28,2005-06-04 12:27:28,6
614,3397,2,533,2005-05-28 15:35:52,2005-06-03 17:35:52,6
615,989,1,471,2005-05-28 15:45:39,2005-06-02 09:55:39,4
616,4142,2,372,2005-05-28 15:49:14,2005-05-31 14:29:14,2
617,4445,1,248,2005-05-28 15:50:07,2005-06-01 19:45:07,4
618,2482,2,407,2005-05-28 15:52:26,2005-06-06 17:55:26,9
619,2444,1,321,2005-05-28 15:54:45,2005-06-04 20:26:45,7
620,1144,1,239,2005-05-28 15:58:12,2005-05-30 21:54:12,2
621,2363,1,109,2005-05-28 15:58:22,2005-06-04 10:13:22,6
622,1222,1,495,2005-05-28 16:01:28,2005-05-30 11:19:28,1
623,3660,1,569,2005-05-28 16:13:22,2005-06-06 20:35:22,9
624,2889,1,596,2005-05-28 16:35:46,2005-06-01 14:19:46,3
625,452,2,584,2005-05-28 16:58:09,2005-06-01 14:02:09,3
626,425,2,241,2005-05-28 17:04:43,2005-06-04 19:58:43,7
627,2513,2,173,2005-05-28 17:05:46,2005-06-06 16:29:46,8
628,1527,2,94,2005-05-28 17:19:15,2005-06-02 20:01:15,5
629,1254,2,417,2005-05-28 17:24:51,2005-06-05 20:05:51,8
630,2465,2,503,2005-05-28 17:36:32,2005-06-03 14:56:32,5
631,1287,1,442,2005-05-28 17:37:50,2005-06-03 16:04:50,5
632,58,2,360,2005-05-28 17:37:59,2005-06-03 22:49:59,6
633,2630,2,428,2005-05-28 17:40:35,2005-06-05 16:18:35,7
634,1648,1,42,2005-05-28 17:46:57,2005-06-06 18:24:57,9
635,4213,1,239,2005-05-28 17:47:58,2005-06-04 16:32:58,6
636,1581,2,250,2005-05-28 18:14:29,2005-05-29 23:48:29,1
637,2685,2,372,2005-05-28 18:24:43,2005-06-02 19:03:43,5
638,4204,1,198,2005-05-28 18:25:02,2005-05-29 18:22:02,0
639,495,1,465,2005-05-28 18:43:26,2005-05-30 13:39:26,1
640,3548,1,396,2005-05-28 18:45:47,2005-06-04 15:24:47,6
641,140,2,157,2005-05-28 18:49:12,2005-06-01 20:50:12,4
642,3105,2,240,2005-05-28 18:52:11,2005-05-31 15:15:11,2
643,4304,1,316,2005-05-28 18:59:12,2005-06-04 18:06:12,6
644,3128,1,505,2005-05-28 19:14:09,2005-06-05 14:01:09,7
645,1922,2,185,2005-05-28 19:16:14,2005-05-31 16:50:14,2
646,3435,1,569,2005-05-28 19:22:52,2005-06-01 00:10:52,3
647,3476,2,253,2005-05-28 19:25:54,2005-06-03 15:57:54,5
648,1781,1,197,2005-05-28 19:35:45,2005-06-05 16:00:45,7
649,4384,1,281,2005-05-28 19:45:40,2005-05-29 21:02:40,1
650,739,1,266,2005-05-28 19:46:50,2005-05-30 16:29:50,1
651,1201,2,43,2005-05-28 20:08:47,2005-05-29 14:57:47,0
652,126,2,327,2005-05-28 20:12:20,2005-06-04 14:44:20,6
653,2312,2,23,2005-05-28 20:15:30,2005-05-30 22:02:30,2
654,331,2,287,2005-05-28 20:16:20,2005-05-31 16:46:20,2
655,2846,1,437,2005-05-28 20:18:24,2005-05-30 16:19:24,1
656,848,1,65,2005-05-28 20:23:09,2005-06-01 02:11:09,3
657,3226,2,103,2005-05-28 20:23:23,2005-06-06 19:31:23,8
658,1382,2,207,2005-05-28 20:27:53,2005-05-31 01:36:53,2
659,1414,1,578,2005-05-28 20:53:31,2005-05-30 15:26:31,1
660,2247,2,51,2005-05-28 21:01:25,2005-06-02 01:22:25,4
661,2968,2,166,2005-05-28 21:09:31,2005-06-01 19:00:31,3
662,3997,2,176,2005-05-28 21:23:02,2005-06-02 17:39:02,4
663,87,2,523,2005-05-28 21:31:08,2005-06-02 20:56:08,4
664,1012,1,415,2005-05-28 21:38:39,2005-05-29 21:37:39,0
665,3075,2,437,2005-05-28 21:48:51,2005-06-05 16:45:51,7
666,797,1,596,2005-05-28 21:49:02,2005-05-31 03:07:02,2
667,3528,1,484,2005-05-28 21:54:45,2005-05-29 22:32:45,1
668,3677,1,313,2005-05-28 22:03:25,2005-06-03 03:39:25,5
669,227,2,201,2005-05-28 22:04:03,2005-06-06 22:43:03,9
670,1027,2,14,2005-05-28 22:04:30,2005-06-03 01:21:30,5
671,697,2,306,2005-05-28 22:05:29,2005-06-06 02:10:29,8
672,1769,1,468,2005-05-28 22:07:30,2005-06-01 23:42:30,4
673,1150,2,87,2005-05-28 22:11:35,2005-06-01 23:58:35,4
674,1273,2,338,2005-05-28 22:22:44,2005-06-01 02:57:44,3
675,2329,2,490,2005-05-28 22:27:51,2005-05-29 20:36:51,0
676,4558,2,194,2005-05-28 23:00:08,2005-06-05 19:11:08,7
677,3741,2,269,2005-05-28 23:15:48,2005-06-03 04:43:48,5
678,907,2,526,2005-05-28 23:24:57,2005-06-06 21:59:57,8
679,4147,2,482,2005-05-28 23:27:26,2005-06-02 02:28:26,4
680,3346,1,531,2005-05-28 23:39:44,2005-06-01 01:42:44,3
681,3160,2,148,2005-05-28 23:53:18,2005-05-29 19:14:18,0
682,2038,1,197,2005-05-29 00:09:48,2005-06-02 04:27:48,4
683,3242,2,461,2005-05-29 00:13:15,2005-06-04 21:26:15,6
684,1385,2,172,2005-05-29 00:17:51,2005-06-05 05:32:51,7
685,2441,1,411,2005-05-29 00:27:10,2005-05-30 02:29:10,1
686,1731,1,250,2005-05-29 00:32:09,2005-05-31 23:53:09,2
687,4135,1,162,2005-05-29 00:45:24,2005-06-02 01:30:24,4
688,742,2,571,2005-05-29 00:46:53,2005-06-03 23:48:53,5
689,2646,1,85,2005-05-29 00:54:53,2005-06-06 00:45:53,7
690,4034,1,433,2005-05-29 01:01:26,2005-06-07 06:21:26,9
691,800,2,18,2005-05-29 01:32:10,2005-06-02 03:54:10,4
692,635,2,190,2005-05-29 01:42:31,2005-06-03 02:29:31,5
693,592,1,399,2005-05-29 01:49:43,2005-06-05 06:52:43,7
694,4276,1,528,2005-05-29 01:50:53,2005-06-03 02:28:53,5
695,2076,1,19,2005-05-29 01:59:10,2005-06-01 02:45:10,3
696,3949,2,387,2005-05-29 02:04:04,2005-06-04 00:47:04,5
697,1412,1,109,2005-05-29 02:10:52,2005-06-01 21:52:52,3
698,130,2,246,2005-05-29 02:11:44,2005-06-04 20:23:44,6
699,500,1,117,2005-05-29 02:18:54,2005-05-30 05:54:54,1
700,372,1,112,2005-05-29 02:26:27,2005-06-03 04:59:27,5
701,2556,2,475,2005-05-29 02:27:30,2005-05-30 01:52:30,0
702,1123,2,269,2005-05-29 02:29:36,2005-06-03 04:54:36,5
703,2628,2,330,2005-05-29 02:44:43,2005-06-06 01:51:43,7
704,2809,1,257,2005-05-29 02:48:52,2005-05-30 06:21:52,1
705,2278,1,60,2005-05-29 03:05:49,2005-06-04 22:48:49,6
706,819,1,252,2005-05-29 03:18:19,2005-05-30 02:45:19,0
707,3133,2,127,2005-05-29 03:23:47,2005-05-31 21:27:47,2
708,2459,1,479,2005-05-29 03:48:01,2005-06-06 05:21:01,8
709,194,1,518,2005-05-29 03:48:36,2005-06-03 05:03:36,5
710,4581,2,215,2005-05-29 03:49:03,2005-05-31 08:29:03,2
711,4191,2,313,2005-05-29 04:02:24,2005-05-30 03:09:24,0
712,3664,1,507,2005-05-29 04:10:17,2005-06-07 07:13:17,9
713,2010,2,452,2005-05-29 04:15:21,2005-06-01 23:05:21,3
714,2030,1,545,2005-05-29 04:22:41,2005-06-05 09:28:41,7
715,85,2,36,2005-05-29 04:35:29,2005-06-01 07:42:29,3
716,1383,2,412,2005-05-29 04:37:44,2005-05-30 05:48:44,1
717,1736,1,498,2005-05-29 04:52:23,2005-06-02 02:27:23,3
718,267,2,245,2005-05-29 05:16:05,2005-06-01 07:53:05,3
719,3687,2,480,2005-05-29 05:17:30,2005-06-06 02:47:30,7
720,1116,1,44,2005-05-29 05:28:47,2005-05-31 11:24:47,2
721,4540,1,259,2005-05-29 05:30:31,2005-06-06 04:51:31,7
722,3407,1,309,2005-05-29 05:34:44,2005-05-30 05:50:44,1
723,3770,2,416,2005-05-29 05:53:23,2005-06-05 04:01:23,6
724,4088,2,245,2005-05-29 06:03:41,2005-06-03 08:52:41,5
725,933,2,452,2005-05-29 06:05:29,2005-06-05 04:40:29,6
726,1629,1,484,2005-05-29 06:08:15,2005-05-30 07:16:15,1
727,242,1,551,2005-05-29 06:12:38,2005-06-03 07:41:38,5
728,1688,2,323,2005-05-29 06:35:13,2005-06-04 03:23:13,5
729,3473,1,197,2005-05-29 07:00:59,2005-06-06 01:17:59,7
730,4124,1,5,2005-05-29 07:25:16,2005-05-30 05:21:16,0
731,2530,2,447,2005-05-29 07:32:51,2005-05-30 10:08:51,1
732,2951,1,363,2005-05-29 07:35:21,2005-06-05 09:14:21,7
733,3084,2,538,2005-05-29 07:38:52,2005-06-03 10:17:52,5
734,3421,1,454,2005-05-29 08:08:13,2005-06-07 13:35:13,9
735,3689,2,276,2005-05-29 08:10:07,2005-06-05 10:21:07,7
736,769,2,589,2005-05-29 08:11:31,2005-06-04 11:18:31,6
737,2284,2,256,2005-05-29 08:20:08,2005-06-06 08:59:08,8
738,1183,2,84,2005-05-29 08:28:18,2005-06-06 09:21:18,8
739,600,2,89,2005-05-29 08:30:36,2005-06-04 12:47:36,6
740,3189,1,495,2005-05-29 08:35:49,2005-06-04 11:55:49,6
741,273,1,483,2005-05-29 08:36:30,2005-06-05 11:30:30,7
742,2528,2,548,2005-05-29 08:39:02,2005-06-06 08:42:02,8
743,3722,2,420,2005-05-29 09:13:08,2005-06-01 07:05:08,2
744,581,1,152,2005-05-29 09:22:57,2005-06-01 09:10:57,2
745,4272,2,130,2005-05-29 09:25:10,2005-06-02 04:20:10,3
746,1993,1,291,2005-05-29 09:26:34,2005-06-05 07:28:34,6
747,2803,1,7,2005-05-29 09:27:00,2005-06-03 04:25:00,4
748,1146,2,375,2005-05-29 09:33:33,2005-05-31 11:45:33,2
749,730,1,269,2005-05-29 09:41:40,2005-05-30 13:31:40,1
750,2711,1,53,2005-05-29 09:55:43,2005-06-02 04:54:43,3
751,1720,1,126,2005-05-29 10:14:15,2005-06-04 06:30:15,5
752,1021,2,135,2005-05-29 10:16:42,2005-06-05 08:52:42,6
753,734,2,281,2005-05-29 10:18:59,2005-06-04 05:03:59,5
754,3090,2,576,2005-05-29 10:26:29,2005-06-01 10:25:29,2
755,3152,1,201,2005-05-29 10:28:45,2005-06-04 12:50:45,6
756,1067,1,435,2005-05-29 10:29:47,2005-06-07 15:27:47,9
757,1191,2,563,2005-05-29 10:31:56,2005-06-01 14:53:56,3
758,2367,2,179,2005-05-29 10:57:57,2005-06-07 16:23:57,9
759,3250,1,77,2005-05-29 11:07:25,2005-06-02 14:16:25,4
760,2342,2,58,2005-05-29 11:09:01,2005-06-03 16:18:01,5
761,3683,1,146,2005-05-29 11:15:51,2005-06-06 07:48:51,7
762,2022,1,50,2005-05-29 11:32:15,2005-05-31 17:31:15,2
763,1069,1,149,2005-05-29 11:37:35,2005-05-31 16:47:35,2
764,515,1,69,2005-05-29 11:38:34,2005-06-02 17:04:34,4
765,2154,1,383,2005-05-29 11:47:02,2005-06-06 07:14:02,7
766,687,2,67,2005-05-29 12:20:19,2005-06-02 14:15:19,4
767,2895,2,566,2005-05-29 12:30:46,2005-06-07 09:00:46,8
768,1523,1,575,2005-05-29 12:51:44,2005-06-01 17:43:44,3
769,2491,2,405,2005-05-29 12:56:50,2005-06-07 15:54:50,9
770,353,2,476,2005-05-29 12:59:14,2005-06-01 16:05:14,3
771,3319,1,556,2005-05-29 13:08:06,2005-06-06 08:19:06,7
772,245,1,563,2005-05-29 13:18:05,2005-06-07 17:22:05,9
773,1188,1,575,2005-05-29 13:19:43,2005-06-01 18:51:43,3
774,1197,2,124,2005-05-29 13:23:26,2005-05-30 07:53:26,0
775,4339,1,113,2005-05-29 13:35:35,2005-06-03 17:33:35,5
776,451,2,360,2005-05-29 14:07:58,2005-06-03 08:41:58,4
777,1816,1,535,2005-05-29 14:09:53,2005-06-05 20:05:53,7
778,533,1,105,2005-05-29 14:17:17,2005-06-06 16:46:17,8
779,1919,1,300,2005-05-29 14:18:32,2005-06-06 20:14:32,8
780,88,1,313,2005-05-29 14:23:58,2005-05-30 17:44:58,1
781,2255,2,596,2005-05-29 14:38:57,2005-06-02 13:18:57,3
782,3046,2,53,2005-05-29 14:41:18,2005-06-06 10:39:18,7
783,2936,2,352,2005-05-29 14:44:22,2005-06-01 17:28:22,3
784,39,1,72,2005-05-29 15:08:41,2005-05-30 15:51:41,1
785,2637,2,439,2005-05-29 15:17:28,2005-06-07 10:07:28,8
786,3919,2,27,2005-05-29 16:03:03,2005-06-07 11:07:03,8
787,763,1,562,2005-05-29 16:13:55,2005-05-31 16:40:55,2
788,708,1,553,2005-05-29 16:17:07,2005-06-06 18:15:07,8
789,2858,2,593,2005-05-29 16:19:29,2005-06-02 17:22:29,4
790,1554,1,284,2005-05-29 16:30:42,2005-06-01 19:11:42,3
791,2841,1,261,2005-05-29 16:32:10,2005-05-31 18:01:10,2
792,379,2,528,2005-05-29 16:44:08,2005-06-06 19:21:08,8
793,1995,1,50,2005-05-29 16:44:11,2005-06-05 16:11:11,6
794,609,2,551,2005-05-29 16:57:39,2005-06-01 11:33:39,2
795,2697,2,26,2005-05-29 16:59:44,2005-06-03 16:22:44,4
796,1446,1,244,2005-05-29 17:12:17,2005-06-03 16:06:17,4
797,1102,2,134,2005-05-29 17:23:43,2005-06-01 13:06:43,2
798,1713,1,429,2005-05-29 17:24:48,2005-06-05 12:25:48,6
799,441,1,472,2005-05-29 17:28:12,2005-05-30 14:59:12,0
800,1642,2,402,2005-05-29 17:35:50,2005-06-04 17:05:50,5
801,785,2,350,2005-05-29 17:38:59,2005-05-31 22:42:59,2
802,1602,2,32,2005-05-29 17:52:30,2005-05-30 14:35:30,0
803,3909,1,171,2005-05-29 18:10:24,2005-06-06 22:53:24,8
804,3132,2,232,2005-05-29 18:18:18,2005-06-07 15:11:18,8
805,2386,2,435,2005-05-29 18:31:30,2005-05-31 00:18:30,1
806,2195,2,235,2005-05-29 18:50:50,2005-06-03 18:36:50,4
807,1928,2,104,2005-05-29 19:08:20,2005-06-06 20:32:20,8
808,2114,2,222,2005-05-29 19:10:20,2005-06-05 19:05:20,6
809,2533,2,346,2005-05-29 19:12:04,2005-06-04 21:12:04,6
810,4419,2,401,2005-05-29 19:30:42,2005-06-02 16:19:42,3
811,1099,2,225,2005-05-29 20:00:30,2005-05-30 19:43:30,0
812,4554,1,344,2005-05-29 20:14:34,2005-06-05 20:56:34,7
813,1572,1,134,2005-05-29 20:16:12,2005-06-07 17:47:12,8
814,3757,1,14,2005-05-29 20:24:28,2005-06-03 15:32:28,4
815,630,2,474,2005-05-29 20:26:39,2005-06-06 22:31:39,8
816,186,1,554,2005-05-29 20:39:14,2005-05-31 18:24:14,1
817,4106,2,321,2005-05-29 20:47:53,2005-06-02 23:18:53,4
818,623,2,511,2005-05-29 21:00:32,2005-06-02 15:15:32,3
819,2584,2,22,2005-05-29 21:07:22,2005-06-07 00:22:22,8
820,3380,1,348,2005-05-29 21:31:12,2005-06-04 22:49:12,6
821,2634,1,480,2005-05-29 21:36:00,2005-06-07 17:24:00,8
822,3249,1,441,2005-05-29 21:39:37,2005-05-30 22:06:37,1
823,3518,1,357,2005-05-29 21:45:32,2005-05-31 19:01:32,1
824,712,2,371,2005-05-29 21:49:41,2005-06-04 20:27:41,5
825,2263,1,207,2005-05-29 21:56:15,2005-06-08 03:18:15,9
826,62,1,573,2005-05-29 21:58:43,2005-06-06 00:54:43,7
827,2468,1,217,2005-05-29 22:14:55,2005-05-30 17:22:55,0
828,1684,1,371,2005-05-29 22:16:42,2005-06-06 01:38:42,7
829,3464,1,3,2005-05-29 22:43:55,2005-06-01 17:43:55,2
830,3912,1,509,2005-05-29 22:50:25,2005-06-06 02:27:25,7
831,1381,2,159,2005-05-29 22:51:20,2005-06-07 17:37:20,8
832,2898,1,417,2005-05-29 23:21:56,2005-06-02 18:40:56,3
833,3628,2,84,2005-05-29 23:24:30,2005-05-30 22:00:30,0
834,299,1,381,2005-05-29 23:37:00,2005-06-02 23:38:00,4
835,3140,2,368,2005-05-29 23:56:42,2005-05-31 04:11:42,1
836,977,2,172,2005-05-30 00:02:08,2005-06-02 05:31:08,3
837,2859,2,504,2005-05-30 00:27:57,2005-06-06 22:19:57,7
838,1886,1,337,2005-05-30 00:28:12,2005-06-08 02:43:12,9
839,4049,2,79,2005-05-30 00:28:41,2005-05-31 20:39:41,1
840,4318,1,387,2005-05-30 00:31:17,2005-06-02 19:14:17,3
841,2328,1,238,2005-05-30 00:32:04,2005-06-01 02:21:04,2
842,2214,2,313,2005-05-30 00:44:24,2005-05-31 00:58:24,1
843,536,1,429,2005-05-30 00:58:20,2005-06-01 00:38:20,1
844,2001,1,72,2005-05-30 01:17:25,2005-06-07 02:00:25,8
845,938,2,49,2005-05-30 01:17:45,2005-06-01 00:56:45,1
846,4387,2,380,2005-05-30 01:18:15,2005-06-06 20:20:15,7
847,1363,1,436,2005-05-30 01:19:53,2005-06-05 23:40:53,6
848,2424,1,449,2005-05-30 01:23:07,2005-06-07 01:50:07,8
849,2390,1,517,2005-05-30 01:35:12,2005-05-31 01:51:12,1
850,2780,1,530,2005-05-30 01:35:15,2005-06-06 07:27:15,7
851,1622,1,549,2005-05-30 01:36:57,2005-06-01 22:44:57,2
852,3693,1,122,2005-05-30 01:43:31,2005-06-01 02:05:31,2
853,921,2,369,2005-05-30 01:56:11,2005-06-01 06:34:11,2
854,2527,2,406,2005-05-30 02:00:28,2005-06-03 20:16:28,4
855,3969,1,53,2005-05-30 02:01:21,2005-06-07 03:25:21,8
856,2569,2,204,2005-05-30 02:01:23,2005-06-02 06:07:23,3
857,1258,1,358,2005-05-30 02:10:32,2005-06-01 04:42:32,2
858,3032,2,79,2005-05-30 02:36:20,2005-06-02 07:49:20,3
859,578,1,276,2005-05-30 02:45:16,2005-06-08 07:28:16,9
860,3711,1,502,2005-05-30 02:48:32,2005-06-06 05:43:32,7
861,1186,1,328,2005-05-30 03:09:11,2005-06-03 21:27:11,4
862,3999,2,379,2005-05-30 03:14:59,2005-06-05 04:34:59,6
863,2777,1,544,2005-05-30 03:27:17,2005-06-06 08:28:17,7
864,3183,2,154,2005-05-30 03:39:44,2005-06-07 08:10:44,8
865,2867,1,8,2005-05-30 03:43:54,2005-06-08 04:28:54,9
866,3389,1,99,2005-05-30 03:54:43,2005-06-01 22:59:43,2
867,3604,1,28,2005-05-30 04:19:55,2005-05-31 02:28:55,0
868,3399,2,296,2005-05-30 04:22:06,2005-06-03 09:18:06,4
869,2903,1,391,2005-05-30 04:25:47,2005-06-06 04:32:47,7
870,4573,2,303,2005-05-30 05:01:30,2005-06-04 06:22:30,5
871,3904,1,548,2005-05-30 05:03:04,2005-06-06 10:35:04,7
872,4568,2,375,2005-05-30 05:15:20,2005-06-07 00:49:20,7
873,363,1,52,2005-05-30 05:36:21,2005-06-01 09:32:21,2
874,1428,2,326,2005-05-30 05:38:24,2005-06-06 00:34:24,6
875,1471,2,339,2005-05-30 05:41:22,2005-06-07 09:06:22,8
876,886,1,9,2005-05-30 05:48:59,2005-06-02 09:30:59,3
877,4265,1,323,2005-05-30 05:49:13,2005-06-07 04:35:13,7
878,4021,2,482,2005-05-30 05:49:42,2005-06-05 01:45:42,5
879,1819,2,460,2005-05-30 06:12:33,2005-06-02 04:35:33,2
880,602,1,242,2005-05-30 06:15:36,2005-06-02 10:21:36,3
881,3841,1,477,2005-05-30 06:16:06,2005-06-02 11:57:06,3
882,2271,2,399,2005-05-30 06:21:05,2005-06-07 04:50:05,7
883,4079,1,17,2005-05-30 06:41:32,2005-05-31 07:39:32,1
884,646,2,62,2005-05-30 06:54:28,2005-06-03 07:03:28,4
885,4356,2,393,2005-05-30 06:54:51,2005-06-01 06:04:51,1
886,2727,2,16,2005-05-30 07:10:00,2005-06-01 06:48:00,1
887,387,1,128,2005-05-30 07:13:14,2005-06-06 09:50:14,7
888,1299,2,114,2005-05-30 07:14:53,2005-05-31 07:56:53,1
889,1464,1,349,2005-05-30 07:43:04,2005-06-01 11:26:04,2
890,2611,1,391,2005-05-30 07:43:12,2005-06-08 09:21:12,9
891,471,1,274,2005-05-30 08:02:56,2005-06-05 12:51:56,6
892,3260,2,502,2005-05-30 08:06:59,2005-06-07 08:23:59,8
893,1118,1,400,2005-05-30 08:31:31,2005-06-07 12:39:31,8
894,2744,1,192,2005-05-30 08:50:43,2005-06-05 10:58:43,6
895,2817,2,207,2005-05-30 09:03:52,2005-06-05 07:37:52,5
896,1334,1,432,2005-05-30 09:10:01,2005-06-08 03:43:01,8
897,3497,2,384,2005-05-30 09:26:19,2005-06-01 10:45:19,2
898,1096,2,156,2005-05-30 09:29:30,2005-06-06 12:39:30,7
899,3543,1,586,2005-05-30 09:38:41,2005-06-07 11:54:41,8
900,760,1,259,2005-05-30 09:40:40,2005-06-02 10:32:40,3
901,1514,1,561,2005-05-30 09:53:36,2005-06-07 12:10:36,8
902,2423,1,197,2005-05-30 10:11:29,2005-06-03 09:33:29,3
903,2466,2,44,2005-05-30 10:19:42,2005-06-05 04:58:42,5
904,4372,1,50,2005-05-30 10:25:00,2005-06-06 06:23:00,6
905,1862,2,549,2005-05-30 10:30:38,2005-06-07 06:44:38,7
906,3320,1,506,2005-05-30 10:37:27,2005-06-02 09:51:27,2
907,4427,1,85,2005-05-30 10:38:37,2005-06-03 09:56:37,3
908,3775,1,486,2005-05-30 10:43:38,2005-06-08 12:07:38,9
909,2601,1,374,2005-05-30 10:46:16,2005-06-04 13:32:16,5
910,1404,2,366,2005-05-30 10:50:22,2005-06-07 12:26:22,8
911,3200,2,390,2005-05-30 10:58:33,2005-05-31 09:31:33,0
912,3213,2,369,2005-05-30 11:04:58,2005-06-07 13:22:58,8
913,1393,2,596,2005-05-30 11:06:00,2005-06-04 06:07:00,4
914,1859,1,115,2005-05-30 11:20:27,2005-06-02 11:55:27,3
915,1290,1,6,2005-05-30 11:25:01,2005-05-31 09:06:01,0
916,3629,1,385,2005-05-30 11:27:06,2005-06-02 08:31:06,2
917,818,2,197,2005-05-30 11:32:24,2005-05-31 07:55:24,0
918,4052,2,374,2005-05-30 11:35:06,2005-06-02 13:16:06,3
919,3860,2,584,2005-05-30 11:44:01,2005-06-02 08:19:01,2
920,1827,2,508,2005-05-30 11:53:09,2005-06-03 10:00:09,3
921,2442,2,550,2005-05-30 11:55:55,2005-06-08 10:12:55,8
922,1884,1,37,2005-05-30 11:58:50,2005-06-05 09:57:50,5
923,3279,1,293,2005-05-30 12:10:59,2005-06-04 17:28:59,5
924,3203,2,137,2005-05-30 12:13:52,2005-06-02 14:41:52,3
925,4327,2,76,2005-05-30 12:15:54,2005-06-01 08:53:54,1
926,1158,2,167,2005-05-30 12:16:40,2005-05-31 16:20:40,1
927,246,2,79,2005-05-30 12:27:14,2005-06-05 13:56:14,6
928,4296,1,536,2005-05-30 12:32:39,2005-06-06 12:17:39,6
929,2835,2,141,2005-05-30 12:44:57,2005-06-04 10:53:57,4
930,3384,1,421,2005-05-30 12:53:01,2005-05-31 14:28:01,1
931,719,2,198,2005-05-30 12:55:36,2005-05-31 10:30:36,0
932,3672,1,66,2005-05-30 13:08:45,2005-06-01 18:56:45,2
933,3595,2,60,2005-05-30 13:24:46,2005-06-08 16:44:46,9
934,2421,1,256,2005-05-30 13:29:36,2005-06-02 11:08:36,2
935,901,1,469,2005-05-30 13:52:49,2005-06-07 16:56:49,8
936,1054,2,304,2005-05-30 14:47:31,2005-06-05 09:53:31,5
937,1521,2,46,2005-05-30 14:47:31,2005-06-04 10:10:31,4
938,1314,1,367,2005-05-30 14:49:34,2005-06-01 19:00:34,2
939,1278,1,534,2005-05-30 15:01:02,2005-06-01 18:26:02,2
940,3630,1,562,2005-05-30 15:02:25,2005-06-01 17:19:25,2
941,4279,2,473,2005-05-30 15:05:47,2005-06-08 15:59:47,9
942,3737,1,57,2005-05-30 15:20:19,2005-06-06 18:53:19,7
943,151,2,131,2005-05-30 15:26:24,2005-06-07 18:09:24,8
944,1441,2,357,2005-05-30 15:33:17,2005-06-02 15:02:17,2
945,1264,1,486,2005-05-30 15:35:08,2005-06-08 11:38:08,8
946,4478,1,62,2005-05-30 15:36:57,2005-06-04 18:48:57,5
947,585,2,245,2005-05-30 15:44:27,2005-06-08 17:30:27,9
948,2202,1,368,2005-05-30 15:50:39,2005-06-03 14:25:39,3
949,491,1,83,2005-05-30 16:06:08,2005-06-01 11:43:08,1
950,1395,2,59,2005-05-30 16:10:35,2005-05-31 19:01:35,1
951,4389,2,311,2005-05-30 16:28:07,2005-06-02 16:12:07,2
952,2194,1,210,2005-05-30 16:34:02,2005-05-31 20:34:02,1
953,1231,2,297,2005-05-30 16:57:29,2005-06-08 13:30:29,8
954,4140,2,301,2005-05-30 16:59:03,2005-05-31 11:58:03,0
955,647,2,296,2005-05-30 17:30:28,2005-06-07 13:54:28,7
956,4428,2,440,2005-05-30 17:53:29,2005-06-03 15:31:29,3
957,548,2,186,2005-05-30 17:58:03,2005-06-01 19:17:03,2
958,3108,2,535,2005-05-30 18:07:00,2005-06-02 14:37:00,2
959,1966,2,445,2005-05-30 18:13:23,2005-06-04 00:12:23,4
960,3293,2,588,2005-05-30 18:16:44,2005-06-04 23:40:44,5
961,4535,1,520,2005-05-30 18:45:17,2005-06-05 22:47:17,6
962,1921,2,225,2005-05-30 18:52:53,2005-06-07 16:19:53,7
963,657,2,287,2005-05-30 18:53:21,2005-06-04 22:32:21,5
964,3363,2,502,2005-05-30 19:00:14,2005-05-31 17:10:14,0
965,1294,1,496,2005-05-30 19:00:37,2005-05-31 23:51:37,1
966,1954,2,330,2005-05-30 19:12:06,2005-06-09 00:02:06,9
967,119,2,576,2005-05-30 19:20:03,2005-05-31 18:17:03,0
968,443,1,551,2005-05-30 19:23:48,2005-05-31 21:14:48,1
969,1520,1,307,2005-05-30 19:50:28,2005-06-09 01:19:28,9
970,2911,1,561,2005-05-30 20:10:52,2005-06-06 20:47:52,7
971,2,1,411,2005-05-30 20:21:07,2005-06-06 00:36:07,6
972,1914,2,473,2005-05-30 20:27:45,2005-06-08 22:47:45,9
973,2617,2,596,2005-05-30 20:28:42,2005-06-08 23:45:42,9
974,3109,2,7,2005-05-30 21:07:15,2005-06-03 01:48:15,3
975,2290,2,581,2005-05-30 21:11:19,2005-06-06 02:16:19,6
976,2029,2,394,2005-05-30 21:22:26,2005-06-04 22:32:26,5
977,407,1,154,2005-05-30 21:30:52,2005-06-07 16:22:52,7
978,3917,2,279,2005-05-30 21:37:11,2005-06-08 00:24:11,8
979,4169,1,273,2005-05-30 21:45:19,2005-06-01 20:32:19,1
980,2913,2,326,2005-05-30 21:52:42,2005-06-01 03:15:42,1
981,3560,1,524,2005-05-30 22:15:24,2005-06-02 16:18:24,2
982,63,1,115,2005-05-30 22:15:51,2005-06-02 22:56:51,3
983,2305,2,262,2005-05-30 22:17:17,2005-06-01 20:15:17,1
984,1573,1,564,2005-05-30 22:18:35,2005-06-04 23:36:35,5
985,4045,1,253,2005-05-30 22:22:52,2005-06-01 02:24:52,1
986,390,1,11,2005-05-30 22:59:12,2005-06-07 20:56:12,7
987,1364,1,12,2005-05-30 23:08:03,2005-06-07 00:22:03,7
988,4388,2,83,2005-05-30 23:11:51,2005-06-03 20:36:51,3
989,4171,2,311,2005-05-30 23:25:14,2005-06-06 18:41:14,6
990,2863,1,593,2005-05-30 23:29:22,2005-06-07 23:16:22,7
991,3572,1,123,2005-05-30 23:47:56,2005-06-05 19:01:56,5
992,2080,1,513,2005-05-30 23:54:19,2005-06-04 21:27:19,4
993,2798,2,472,2005-05-30 23:55:36,2005-06-04 01:00:36,4
994,17,2,150,2005-05-31 00:06:02,2005-06-06 02:30:02,6
995,2075,2,331,2005-05-31 00:06:20,2005-05-31 21:29:20,0
996,4243,2,216,2005-05-31 00:08:25,2005-06-02 00:17:25,2
997,3395,1,389,2005-05-31 00:16:57,2005-06-01 22:41:57,1
998,4433,2,413,2005-05-31 00:25:10,2005-06-03 06:05:10,3
999,1774,2,332,2005-05-31 00:25:56,2005-06-08 19:42:56,8
1000,1498,2,64,2005-05-31 00:46:31,2005-06-06 06:14:31,6
